time,X,Y,Z
0.012779951095581055,-0.25147705,0.58139104,-8.56638622
0.0390625,-0.2335144,0.59216861,-8.59333038
0.06535625457763672,-0.26764345,0.58917479,-8.55201625
0.0916590690612793,-0.24788453,0.56881713,-8.53046131
0.11797285079956055,-0.22812561,0.58198976,-8.52626991
0.1442725658416748,-0.24189698,0.57061343,-8.55381298
0.1705765724182129,-0.25327334,0.59456357,-8.52028274
0.19687604904174805,-0.24908204,0.59875488,-8.54183769
0.2231907844543457,-0.23291566,0.57899599,-8.57117652
0.24946856498718262,-0.24010071,0.57600221,-8.56638622
0.2757754325866699,-0.25327334,0.58139104,-8.55081844
0.3020961284637451,-0.25147705,0.5855823,-8.54782485
0.32839107513427734,-0.25506958,0.58079223,-8.53704738
0.35470056533813477,-0.23291566,0.58198976,-8.56039905
0.3810148239135742,-0.2496808,0.59456357,-8.59273147
0.40731048583984375,-0.27602601,0.57839722,-8.54183769
0.4336123466491699,-0.25746462,0.57300844,-8.54842376
0.45992088317871094,-0.24908204,0.5736072,-8.57656574
0.4862205982208252,-0.24788453,0.57300844,-8.54662799
0.5125348567962646,-0.26704468,0.57839722,-8.56638622
0.5388369560241699,-0.26524841,0.55983586,-8.58015823
0.5651328563690186,-0.26405091,0.57779846,-8.53644847
0.5915145874023438,-0.24309449,0.58198976,-8.54842376
0.6178252696990967,-0.2616559,0.58198976,-8.55201625
0.6441352367401123,-0.2245331,0.57240967,-8.53345489
0.6704273223876953,-0.2616559,0.58618106,-8.51669025
0.6967918872833252,-0.25147705,0.57420592,-8.54183769
0.7230484485626221,-0.26105713,0.5795947,-8.51609134
0.7493481636047363,-0.28081605,0.57420592,-8.55022048
0.7756533622741699,-0.2628534,0.58857607,-8.55321407
0.8019556999206543,-0.24129822,0.57719974,-8.54602909
0.8282654285430908,-0.27183473,0.60354495,-8.54063987
0.8545656204223633,-0.26405091,0.5795947,-8.54063987
0.880878210067749,-0.25447082,0.58618106,-8.54243659
0.907184362411499,-0.25626709,0.57660098,-8.54962158
0.933488130569458,-0.25087831,0.57839722,-8.55680656
0.9597933292388916,-0.25806336,0.57001466,-8.52028274
0.9861197471618652,-0.2496808,0.5736072,-8.56219482
1.012406349182129,-0.24848327,0.58677983,-8.55980014
1.0387122631072998,-0.22992186,0.57660098,-8.56279373
1.0650155544281006,-0.22812561,0.57660098,-8.54722595
1.091322898864746,-0.24249572,0.59156985,-8.56758403
1.1176376342773438,-0.24369325,0.57660098,-8.53165912
1.1439321041107178,-0.24668703,0.60354495,-8.50291824
1.1702423095703125,-0.24429199,0.57899599,-8.52926349
1.1965713500976562,-0.25926086,0.58618106,-8.55381298
1.222841501235962,-0.25387206,0.58318729,-8.55680656
1.249164342880249,-0.26105713,0.57061343,-8.52028274
1.2754487991333008,-0.23590943,0.57240967,-8.55800437
1.3017592430114746,-0.27303223,0.5855823,-8.5430355
1.3280649185180664,-0.27003846,0.5795947,-8.53046131
1.3545255661010742,-0.25267457,0.58857607,-8.53285598
1.3806707859039307,-0.26405091,0.57899599,-8.5382452
1.4069983959197998,-0.25566835,0.59037232,-8.57057762
1.4332823753356934,-0.25626709,0.5855823,-8.54782485
1.4595818519592285,-0.24489076,0.58438482,-8.525671
1.4858880043029785,-0.24728579,0.58797736,-8.55381298
1.512200117111206,-0.24369325,0.60593996,-8.57237434
1.538501262664795,-0.23171815,0.57719974,-8.5214796
1.5647985935211182,-0.24189698,0.58857607,-8.52746772
1.5911054611206055,-0.27003846,0.56522464,-8.52327632
1.6174068450927734,-0.26225466,0.58139104,-8.5430355
1.6437172889709473,-0.25447082,0.57899599,-8.55860233
1.670030117034912,-0.25686585,0.58917479,-8.581954
1.696333885192871,-0.2454895,0.58258857,-8.54483127
1.7226474285125732,-0.24249572,0.56342835,-8.54722595
1.7489523887634277,-0.27602601,0.57600221,-8.53345489
1.7752583026885986,-0.26045837,0.58318729,-8.52746772
1.8015663623809814,-0.26644592,0.5795947,-8.54423236
1.827871561050415,-0.24249572,0.58258857,-8.55201625
1.8541693687438965,-0.26584718,0.58378601,-8.54902267
1.8804810047149658,-0.25806336,0.57480473,-8.52866458
1.906808853149414,-0.25506958,0.5795947,-8.52806663
1.9330832958221436,-0.25447082,0.57420592,-8.581954
1.9593887329101562,-0.25387206,0.57420592,-8.54363346
1.985692024230957,-0.24489076,0.57600221,-8.55261516
2.011998176574707,-0.23531067,0.55624332,-8.51908493
2.0382988452911377,-0.25506958,0.57300844,-8.5430355
2.0646111965179443,-0.25626709,0.57480473,-8.55321407
2.090927839279175,-0.24728579,0.59815616,-8.54243659
2.1172311305999756,-0.24668703,0.57300844,-8.53584957
2.1435317993164062,-0.2454895,0.56402711,-8.53764629
2.169835329055786,-0.24908204,0.58258857,-8.54183769
2.1961464881896973,-0.25746462,0.5795947,-8.53225708
2.2224409580230713,-0.25806336,0.57660098,-8.54243659
2.248756170272827,-0.24848327,0.58318729,-8.55740547
2.275059938430786,-0.25806336,0.59037232,-8.56518936
2.3013672828674316,-0.24848327,0.58258857,-8.55261516
2.327664852142334,-0.26345217,0.57420592,-8.54902267
2.3539698123931885,-0.21734805,0.56941595,-8.5867443
2.3802719116210938,-0.25027954,0.57001466,-8.53704738
2.40661883354187,-0.24728579,0.59037232,-8.53644847
2.432891368865967,-0.26704468,0.58258857,-8.57177543
2.4591925144195557,-0.26464965,0.58917479,-8.55680656
2.485490083694458,-0.27063722,0.58378601,-8.56459045
2.5117952823638916,-0.25626709,0.58258857,-8.55920124
2.538111925125122,-0.24848327,0.57899599,-8.53525161
2.5644021034240723,-0.24908204,0.58258857,-8.54602909
2.5907275676727295,-0.24728579,0.57420592,-8.56518936
2.6170406341552734,-0.27123596,0.58917479,-8.55141735
2.643331289291382,-0.2616559,0.57181096,-8.56339263
2.669645309448242,-0.2598596,0.5795947,-8.53525161
2.695941686630249,-0.26824221,0.58498353,-8.51309776
2.72225022315979,-0.24728579,0.57121219,-8.54183769
2.748547077178955,-0.24309449,0.57420592,-8.57476902
2.774857997894287,-0.25447082,0.58677983,-8.5340538
2.8011672496795654,-0.24429199,0.59097108,-8.56279373
2.827470302581787,-0.25027954,0.60114994,-8.58794212
2.8537721633911133,-0.24788453,0.57839722,-8.5430355
2.8800790309906006,-0.25387206,0.58258857,-8.44783306
2.9063780307769775,-0.25207581,0.57540345,-8.54363346
2.932690143585205,-0.26524841,0.57420592,-8.54363346
2.95898699760437,-0.26524841,0.59396486,-8.55500984
2.985302209854126,-0.24249572,0.57181096,-8.52866458
3.011600971221924,-0.24309449,0.57480473,-8.5388441
3.037914276123047,-0.27063722,0.58498353,-8.5430355
3.0642197132110596,-0.25087831,0.56881713,-8.56279373
3.0905258655548096,-0.24189698,0.58498353,-8.54902267
3.1168434619903564,-0.25626709,0.58917479,-8.55560874
3.1431264877319336,-0.26105713,0.58378601,-8.57656574
3.1694493293762207,-0.26943969,0.56702089,-8.53764629
3.1957523822784424,-0.24429199,0.58079223,-8.53704738
3.222046136856079,-0.24908204,0.57839722,-8.53644847
3.248354196548462,-0.23531067,0.59456357,-8.525671
3.2746503353118896,-0.25806336,0.58618106,-8.54243659
3.301409959793091,-0.27063722,0.59097108,-8.57536792
3.3272688388824463,-0.26764345,0.59875488,-8.54004096
3.3535773754119873,-0.25147705,0.57420592,-8.54183769
3.3798739910125732,-0.24788453,0.59097108,-8.55081844
3.4061906337738037,-0.25626709,0.5855823,-8.55381298
3.4324944019317627,-0.26584718,0.58019351,-8.55201625
3.4587900638580322,-0.26405091,0.57300844,-8.53106021
3.4851295948028564,-0.25087831,0.57899599,-8.56698513
3.5114126205444336,-0.25147705,0.57540345,-8.56339263
3.537724494934082,-0.25566835,0.57779846,-8.54902267
3.56402587890625,-0.28141479,0.60713748,-8.57417011
3.5903308391571045,-0.2598596,0.57540345,-8.57536792
3.6166739463806152,-0.25087831,0.58318729,-8.56219482
3.6429378986358643,-0.25207581,0.58737854,-8.61488533
3.6692306995391846,-0.25207581,0.5795947,-8.54004096
3.6955511569976807,-0.23950197,0.58737854,-8.54722595
3.7218515872955322,-0.2628534,0.60893373,-8.58015823
3.748166561126709,-0.24728579,0.58198976,-8.54123878
3.7744596004486084,-0.25926086,0.58318729,-8.55920124
3.8007712364196777,-0.27422974,0.58498353,-8.53944206
3.8270812034606934,-0.2245331,0.59097108,-8.54902267
3.8533740043640137,-0.25087831,0.57480473,-8.55261516
3.879678249359131,-0.25926086,0.57779846,-8.525671
3.9059767723083496,-0.27003846,0.58139104,-8.57836151
3.9322941303253174,-0.25327334,0.57899599,-8.55321407
3.958599090576172,-0.25447082,0.56941595,-8.55141735
3.984895944595337,-0.23291566,0.58618106,-8.59033679
4.01120924949646,-0.25746462,0.56881713,-8.52088069
4.0375120639801025,-0.27482848,0.5736072,-8.52746772
4.06382417678833,-0.27063722,0.58079223,-8.54183769
4.090123176574707,-0.24728579,0.5795947,-8.55261516
4.116414546966553,-0.25327334,0.57660098,-8.55980014
4.142731189727783,-0.25327334,0.58438482,-8.55441093
4.1690287590026855,-0.23710694,0.57420592,-8.53644847
4.195356369018555,-0.27422974,0.57121219,-8.52447319
4.2216432094573975,-0.25686585,0.57240967,-8.55141735
4.247948169708252,-0.24489076,0.59396486,-8.57297325
4.274242877960205,-0.25566835,0.57540345,-8.53644847
4.300548791885376,-0.24608826,0.5855823,-8.55201625
4.326884031295776,-0.24309449,0.58737854,-8.56698513
4.35316014289856,-0.26704468,0.57181096,-8.55500984
4.379467248916626,-0.25207581,0.57600221,-8.58075618
4.405768156051636,-0.27722353,0.58258857,-8.55500984
4.432075500488281,-0.28141479,0.55265083,-8.54662799
4.45837664604187,-0.25506958,0.58019351,-8.57117652
4.484694242477417,-0.25447082,0.5676197,-8.54842376
4.510985612869263,-0.27422974,0.56702089,-8.52088069
4.537347078323364,-0.24189698,0.58258857,-8.55500984
4.563603401184082,-0.25207581,0.59097108,-8.56399154
4.589908123016357,-0.22213807,0.59097108,-8.55860233
4.616214990615845,-0.25447082,0.57719974,-8.55441093
4.642535209655762,-0.26584718,0.56941595,-8.55321407
4.6688361167907715,-0.24728579,0.57300844,-8.56219482
4.695154666900635,-0.23111939,0.58198976,-8.55381298
4.721454858779907,-0.26644592,0.57719974,-8.5340538
4.74776029586792,-0.24728579,0.56642217,-8.54902267
4.774057626724243,-0.25027954,0.5676197,-8.56099796
4.800363779067993,-0.2454895,0.58139104,-8.54842376
4.826714754104614,-0.24848327,0.60055117,-8.5430355
4.852981805801392,-0.23650817,0.56043457,-8.52447319
4.879288911819458,-0.25447082,0.58318729,-8.54782485
4.905594110488892,-0.26345217,0.59635992,-8.53584957
4.931894540786743,-0.26225466,0.57600221,-8.59333038
4.958204746246338,-0.24848327,0.59336609,-8.54063987
4.984520673751831,-0.25267457,0.58139104,-8.54183769
5.010829448699951,-0.25746462,0.58438482,-8.51429462
5.037151098251343,-0.24788453,0.58258857,-8.54962158
5.063486576080322,-0.26644592,0.58079223,-8.54123878
5.08974289894104,-0.23471193,0.59037232,-8.55680656
5.116064548492432,-0.23052062,0.56522464,-8.56997871
5.1423499584198,-0.25626709,0.58139104,-8.55860233
5.168663024902344,-0.24489076,0.56462583,-8.5340538
5.1949756145477295,-0.2335144,0.57121219,-8.525671
5.221278429031372,-0.26225466,0.57600221,-8.56578731
5.247592926025391,-0.25447082,0.59875488,-8.55920124
5.273892402648926,-0.25806336,0.58318729,-8.54483127
5.300226211547852,-0.26345217,0.56941595,-8.54483127
5.326540946960449,-0.25746462,0.58618106,-8.54902267
5.352903127670288,-0.26345217,0.56702089,-8.53944206
5.379117250442505,-0.2616559,0.57839722,-8.54363346
5.4054155349731445,-0.24489076,0.56702089,-8.55261516
5.431718826293945,-0.25087831,0.57899599,-8.53106021
5.458028316497803,-0.27063722,0.58019351,-8.56578731
5.484338045120239,-0.24848327,0.59276733,-8.56099796
5.510651111602783,-0.27303223,0.58917479,-8.55201625
5.536965370178223,-0.27063722,0.5795947,-8.5298624
5.56325888633728,-0.26764345,0.58677983,-8.55261516
5.589556932449341,-0.24129822,0.57300844,-8.56159687
5.615867614746094,-0.24908204,0.56282958,-8.57117652
5.642168045043945,-0.24788453,0.56821842,-8.51908493
5.66847825050354,-0.26464965,0.59037232,-8.52327632
5.694803476333618,-0.26644592,0.5795947,-8.54063987
5.721081733703613,-0.24010071,0.57540345,-8.57117652
5.747405767440796,-0.25866212,0.58378601,-8.57057762
5.773691415786743,-0.26405091,0.56043457,-8.57057762
5.800003290176392,-0.26584718,0.59935369,-8.51130104
5.826317071914673,-0.26824221,0.56881713,-8.55141735
5.8526153564453125,-0.26644592,0.57600221,-8.57057762
5.878934383392334,-0.23411316,0.58198976,-8.58434867
5.905226230621338,-0.25746462,0.57660098,-8.55560874
5.931544303894043,-0.25566835,0.59396486,-8.5346527
5.957847356796265,-0.26464965,0.58438482,-8.54243659
5.984142541885376,-0.25087831,0.58618106,-8.55740547
6.0104756355285645,-0.27961852,0.57719974,-8.55920124
6.036807060241699,-0.25806336,0.57480473,-8.54423236
6.063077926635742,-0.25147705,0.56282958,-8.53584957
6.0893824100494385,-0.24249572,0.57420592,-8.54423236
6.115683555603027,-0.25566835,0.59037232,-8.52507209
6.141996622085571,-0.25267457,0.5795947,-8.5172882
6.168302297592163,-0.26764345,0.57839722,-8.54602909
6.194610595703125,-0.2616559,0.56821842,-8.56518936
6.220911502838135,-0.28261232,0.57899599,-8.55201625
6.247269868850708,-0.26405091,0.58139104,-8.56219482
6.273526191711426,-0.25207581,0.57899599,-8.54483127
6.299837112426758,-0.25626709,0.57121219,-8.54183769
6.326143264770508,-0.26345217,0.58498353,-8.56279373
6.352442026138306,-0.26405091,0.57121219,-8.55800437
6.378751993179321,-0.25926086,0.58139104,-8.55920124
6.405051946640015,-0.22692811,0.57480473,-8.52507209
6.431358337402344,-0.23590943,0.57001466,-8.54543018
6.457673788070679,-0.25387206,0.5736072,-8.54842376
6.483989238739014,-0.25686585,0.57899599,-8.51908493
6.510294198989868,-0.25147705,0.58438482,-8.54004096
6.536634922027588,-0.25387206,0.58498353,-8.54902267
6.562913179397583,-0.25087831,0.58498353,-8.57716369
6.589213132858276,-0.24608826,0.57061343,-8.55022048
6.615536689758301,-0.28201355,0.58198976,-8.52866458
6.6418375968933105,-0.25327334,0.58618106,-8.55740547
6.6681506633758545,-0.26824221,0.57121219,-8.55321407
6.694458246231079,-0.24429199,0.56282958,-8.57955932
6.720768928527832,-0.2598596,0.57719974,-8.53764629
6.7470762729644775,-0.23650817,0.57839722,-8.55441093
6.773378610610962,-0.23890321,0.59216861,-8.55321407
6.799691438674927,-0.25447082,0.56642217,-8.54962158
6.825996160507202,-0.25626709,0.5795947,-8.59273147
6.852301597595215,-0.25207581,0.58677983,-8.54483127
6.878604412078857,-0.25506958,0.59037232,-8.56279373
6.904904842376709,-0.24489076,0.57240967,-8.54543018
6.931216239929199,-0.25447082,0.57899599,-8.55500984
6.957560777664185,-0.26943969,0.58079223,-8.54782485
6.983831167221069,-0.25207581,0.59396486,-8.52926349
7.010140657424927,-0.28261232,0.57420592,-8.56279373
7.036482572555542,-0.26225466,0.57779846,-8.54842376
7.06275200843811,-0.25207581,0.58498353,-8.55560874
7.089073896408081,-0.21854553,0.57719974,-8.54363346
7.11537504196167,-0.25327334,0.59156985,-8.54363346
7.14167332649231,-0.26345217,0.58079223,-8.55680656
7.167983770370483,-0.29039611,0.58797736,-8.54722595
7.194291591644287,-0.25027954,0.57480473,-8.56758403
7.2206220626831055,-0.26105713,0.57719974,-8.55081844
7.246932744979858,-0.25147705,0.57121219,-8.54902267
7.273235321044922,-0.2496808,0.5736072,-8.54842376
7.2995216846466064,-0.25506958,0.58019351,-8.55860233
7.325838565826416,-0.2454895,0.58857607,-8.5382452
7.3521411418914795,-0.26524841,0.5855823,-8.55680656
7.3784339427948,-0.26345217,0.59456357,-8.5693798
7.40474796295166,-0.26105713,0.58258857,-8.56818294
7.431043386459351,-0.23890321,0.58618106,-8.55800437
7.457376480102539,-0.27842104,0.59156985,-8.54782485
7.483668804168701,-0.25506958,0.57839722,-8.5382452
7.509980201721191,-0.2616559,0.56462583,-8.56159687
7.536284685134888,-0.25686585,0.57600221,-8.53764629
7.562586069107056,-0.26524841,0.59097108,-8.55081844
7.58889627456665,-0.24788453,0.58019351,-8.55381298
7.615205764770508,-0.27782227,0.57839722,-8.57417011
7.641509294509888,-0.25027954,0.57181096,-8.54243659
7.667823314666748,-0.24668703,0.5795947,-8.56039905
7.694122552871704,-0.24848327,0.5855823,-8.50531387
7.72043776512146,-0.26584718,0.60114994,-8.54662799
7.746739625930786,-0.25926086,0.57420592,-8.54183769
7.773045539855957,-0.24668703,0.56462583,-8.55680656
7.799363374710083,-0.26464965,0.58438482,-8.5388441
7.8256683349609375,-0.25626709,0.5676197,-8.54842376
7.851968050003052,-0.25926086,0.58198976,-8.54243659
7.8782758712768555,-0.25327334,0.58198976,-8.55920124
7.90459132194519,-0.25866212,0.57240967,-8.55560874
7.930898904800415,-0.25087831,0.57899599,-8.52926349
7.957182168960571,-0.23770568,0.56223087,-8.55261516
7.983497381210327,-0.2496808,0.57600221,-8.55560874
8.009804487228394,-0.25147705,0.5616321,-8.54123878
8.036120891571045,-0.273631,0.58498353,-8.58075618
8.062427759170532,-0.23650817,0.5795947,-8.52207851
8.088727951049805,-0.25926086,0.58857607,-8.55321407
8.11503529548645,-0.24010071,0.58797736,-8.58315181
8.1413414478302,-0.23830444,0.57719974,-8.54004096
8.167649745941162,-0.26764345,0.59097108,-8.55201625
8.193955183029175,-0.25327334,0.59037232,-8.54962158
8.220274209976196,-0.24788453,0.58797736,-8.55441093
8.246603012084961,-0.24489076,0.55863833,-8.55081844
8.272907972335815,-0.24908204,0.58258857,-8.54004096
8.299204111099243,-0.23411316,0.56522464,-8.54243659
8.325505495071411,-0.25506958,0.58139104,-8.56279373
8.351803064346313,-0.26345217,0.57420592,-8.54782485
8.378103733062744,-0.25387206,0.58198976,-8.53165912
8.404406785964966,-0.25387206,0.59935369,-8.54183769
8.430741548538208,-0.24129822,0.5795947,-8.57536792
8.45702314376831,-0.25387206,0.59695863,-8.57896041
8.483332872390747,-0.26524841,0.59156985,-8.54423236
8.509626626968384,-0.2628534,0.58318729,-8.55800437
8.535942792892456,-0.24369325,0.55444707,-8.56339263
8.562257051467896,-0.2454895,0.57719974,-8.53345489
8.58855652809143,-0.23950197,0.56821842,-8.5388441
8.614866733551025,-0.26405091,0.57719974,-8.55920124
8.641149520874023,-0.25506958,0.58857607,-8.51609134
8.667486190795898,-0.24249572,0.58019351,-8.5382452
8.6937837600708,-0.25566835,0.57779846,-8.55141735
8.72008991241455,-0.24129822,0.5855823,-8.58734321
8.746392488479614,-0.25087831,0.58737854,-8.53944206
8.77270245552063,-0.25387206,0.59216861,-8.56039905
8.799006462097168,-0.24608826,0.57061343,-8.54602909
8.825321197509766,-0.2598596,0.57240967,-8.56758403
8.851622581481934,-0.24429199,0.58318729,-8.54602909
8.877932786941528,-0.25866212,0.57779846,-8.56339263
8.904239416122437,-0.27063722,0.5957611,-8.54183769
8.93054747581482,-0.26045837,0.60114994,-8.54782485
8.956858158111572,-0.2598596,0.59935369,-8.55022048
8.983152389526367,-0.24129822,0.56223087,-8.50052356
9.009468793869019,-0.2628534,0.57899599,-8.56578731
9.035767555236816,-0.25926086,0.59336609,-8.55081844
9.06207799911499,-0.24608826,0.59396486,-8.52447319
9.088390827178955,-0.25207581,0.59156985,-8.55620765
9.114697456359863,-0.25866212,0.55983586,-8.56219482
9.140995979309082,-0.25506958,0.58019351,-8.525671
9.167315006256104,-0.23291566,0.58797736,-8.53764629
9.19361662864685,-0.23770568,0.5897736,-8.55441093
9.219922542572021,-0.25686585,0.59097108,-8.57716369
9.246213436126709,-0.26884098,0.59935369,-8.54004096
9.272538423538208,-0.26225466,0.58019351,-8.55141735
9.29884386062622,-0.24369325,0.57899599,-8.53704738
9.325150728225708,-0.26584718,0.59037232,-8.55141735
9.351460695266724,-0.25866212,0.58737854,-8.54423236
9.377753973007202,-0.25087831,0.57779846,-8.56159687
9.404054403305054,-0.25926086,0.57600221,-8.57836151
9.430367708206177,-0.25866212,0.5676197,-8.5340538
9.45670223236084,-0.24848327,0.58019351,-8.54722595
9.482988595962524,-0.25506958,0.57420592,-8.56219482
9.50927209854126,-0.25626709,0.57001466,-8.54902267
9.535580158233643,-0.23950197,0.59336609,-8.54483127
9.561890840530396,-0.23770568,0.58198976,-8.54123878
9.588223218917847,-0.25207581,0.58258857,-8.56997871
9.614503622055054,-0.25926086,0.57660098,-8.57836151
9.640822410583496,-0.2616559,0.57001466,-8.56159687
9.667119026184082,-0.25746462,0.59396486,-8.53764629
9.693410873413086,-0.25267457,0.57420592,-8.52507209
9.71972942352295,-0.25746462,0.56582336,-8.51369571
9.746029615402222,-0.23950197,0.57839722,-8.53525161
9.772337198257446,-0.26225466,0.57899599,-8.55620765
9.798643827438354,-0.2454895,0.58797736,-8.54722595
9.82494330406189,-0.25447082,0.57600221,-8.56339263
9.851254940032959,-0.25566835,0.58857607,-8.54483127
9.877549171447754,-0.26045837,0.58797736,-8.54602909
9.903862953186035,-0.25866212,0.57899599,-8.51848602
9.930164098739624,-0.25207581,0.58498353,-8.51788711
9.956502676010132,-0.25387206,0.57420592,-8.55920124
9.982775926589966,-0.26345217,0.56702089,-8.55740547
10.009087085723877,-0.2215393,0.57899599,-8.52746772
10.035394668579102,-0.24788453,0.59516239,-8.55261516
10.061695098876953,-0.27243349,0.5957611,-8.55740547
10.088002681732178,-0.23830444,0.59156985,-8.55321407
10.11431074142456,-0.25806336,0.58139104,-8.54662799
10.14061450958252,-0.25566835,0.57240967,-8.54902267
10.166927337646484,-0.25806336,0.56941595,-8.57117652
10.193228721618652,-0.25746462,0.5855823,-8.54602909
10.219541072845459,-0.2496808,0.58378601,-8.55381298
10.245846509933472,-0.2628534,0.57839722,-8.55560874
10.272159099578857,-0.27482848,0.58318729,-8.53584957
10.298479080200195,-0.25207581,0.57600221,-8.54962158
10.324769496917725,-0.25506958,0.57839722,-8.55441093
10.351080894470215,-0.25147705,0.56342835,-8.53225708
10.377387523651123,-0.24429199,0.59037232,-8.54902267
10.403698444366455,-0.26644592,0.58737854,-8.55381298
10.430001735687256,-0.2628534,0.59396486,-8.53584957
10.456308126449585,-0.2616559,0.58378601,-8.55920124
10.482619285583496,-0.24429199,0.57899599,-8.55321407
10.508917570114136,-0.24608826,0.5855823,-8.53046131
10.53522253036499,-0.25506958,0.59216861,-8.54363346
10.561519384384155,-0.25626709,0.59097108,-8.5382452
10.58783483505249,-0.25327334,0.59276733,-8.53704738
10.614142179489136,-0.25207581,0.5676197,-8.51968383
10.640438556671143,-0.26045837,0.5795947,-8.55321407
10.666767835617065,-0.2628534,0.57899599,-8.55500984
10.693047285079956,-0.27782227,0.59097108,-8.5825529
10.719359159469604,-0.25566835,0.57300844,-8.54842376
10.745653867721558,-0.24608826,0.57420592,-8.53704738
10.771964311599731,-0.24728579,0.57660098,-8.53165912
10.798277378082275,-0.27422974,0.5795947,-8.54782485
10.82457423210144,-0.24848327,0.56941595,-8.55081844
10.850900650024414,-0.26584718,0.57121219,-8.55201625
10.877201318740845,-0.27303223,0.59276733,-8.43585777
10.903495073318481,-0.2628534,0.5736072,-8.56099796
10.929793357849121,-0.24908204,0.58618106,-8.54243659
10.956103801727295,-0.23052062,0.58797736,-8.55261516
10.982420206069946,-0.25506958,0.59156985,-8.5214796
11.008716106414795,-0.25926086,0.56582336,-8.54902267
11.035024166107178,-0.26464965,0.58258857,-8.51249885
11.06132197380066,-0.24010071,0.58677983,-8.57117652
11.087633609771729,-0.26644592,0.5736072,-8.5430355
11.113938808441162,-0.25207581,0.5855823,-8.52866458
11.140243530273438,-0.24668703,0.58139104,-8.59153461
11.16657567024231,-0.25447082,0.59755744,-8.55201625
11.192853450775146,-0.2335144,0.58378601,-8.54063987
11.219163417816162,-0.26464965,0.58198976,-8.55441093
11.245466232299805,-0.26225466,0.58139104,-8.55321407
11.271774291992188,-0.26943969,0.57540345,-8.57177543
11.298075437545776,-0.27003846,0.59216861,-8.57476902
11.324387788772583,-0.26225466,0.58019351,-8.55381298
11.350697755813599,-0.25387206,0.58438482,-8.54123878
11.377009153366089,-0.27243349,0.59276733,-8.53644847
11.403307676315308,-0.26524841,0.58737854,-8.5340538
11.429607391357422,-0.25746462,0.57839722,-8.54602909
11.45591115951538,-0.23590943,0.58258857,-8.55022048
11.482240676879883,-0.25447082,0.58198976,-8.54183769
11.50852632522583,-0.24309449,0.58677983,-8.5430355
11.53483271598816,-0.25626709,0.5855823,-8.54782485
11.561120748519897,-0.24010071,0.59097108,-8.50471496
11.58743929862976,-0.24369325,0.5897736,-8.54243659
11.613734722137451,-0.2616559,0.57600221,-8.55441093
11.640051364898682,-0.26764345,0.5795947,-8.5340538
11.666350841522217,-0.25926086,0.58318729,-8.5388441
11.692676544189453,-0.24369325,0.57540345,-8.56219482
11.718967914581299,-0.26105713,0.59156985,-8.57057762
11.745280981063843,-0.26345217,0.5795947,-8.5382452
11.771587133407593,-0.26345217,0.57839722,-8.53525161
11.797887802124023,-0.25267457,0.57300844,-8.56698513
11.824185132980347,-0.25926086,0.57600221,-8.55980014
11.850501537322998,-0.27003846,0.57001466,-8.54243659
11.876822471618652,-0.25866212,0.58198976,-8.52028274
11.903123378753662,-0.26704468,0.57839722,-8.55201625
11.92943263053894,-0.26824221,0.55504579,-8.57117652
11.955760717391968,-0.25327334,0.57420592,-8.54842376
11.982046604156494,-0.2598596,0.57121219,-8.53644847
12.008360385894775,-0.2598596,0.58318729,-8.54782485
12.034656524658203,-0.2628534,0.57480473,-8.53944206
12.060986280441284,-0.24189698,0.57779846,-8.53944206
12.08727478981018,-0.25207581,0.5795947,-8.54423236
12.11357045173645,-0.23052062,0.58857607,-8.55201625
12.139891147613525,-0.24788453,0.58677983,-8.5430355
12.166197061538696,-0.26824221,0.56103334,-8.59392929
12.192492485046387,-0.26884098,0.57660098,-8.54423236
12.218802213668823,-0.26644592,0.56282958,-8.55920124
12.245111227035522,-0.29279115,0.56941595,-8.53944206
12.271425008773804,-0.24728579,0.58737854,-8.53764629
12.29772162437439,-0.26464965,0.56702089,-8.56339263
12.324036598205566,-0.25327334,0.5736072,-8.57836151
12.350346326828003,-0.26704468,0.58438482,-8.53584957
12.376681327819824,-0.24429199,0.5855823,-8.52806663
12.402966499328613,-0.24069948,0.57899599,-8.54183769
12.429269790649414,-0.2496808,0.58258857,-8.52387523
12.455569982528687,-0.24309449,0.58618106,-8.54782485
12.481884956359863,-0.2454895,0.58258857,-8.56578731
12.508189916610718,-0.22393434,0.59815616,-8.57177543
12.534488439559937,-0.25027954,0.58917479,-8.57417011
12.56079387664795,-0.27243349,0.58618106,-8.55980014
12.587101936340332,-0.23710694,0.5855823,-8.50651073
12.613409280776978,-0.25926086,0.57480473,-8.55261516
12.63971996307373,-0.27123596,0.58378601,-8.54423236
12.666019916534424,-0.28740236,0.58797736,-8.54842376
12.692327499389648,-0.26345217,0.59336609,-8.5693798
12.718636989593506,-0.25566835,0.58677983,-8.56878185
12.744933843612671,-0.25506958,0.58498353,-8.55441093
12.771243810653687,-0.24069948,0.58857607,-8.56099796
12.797549724578857,-0.26105713,0.58318729,-8.56758403
12.823853492736816,-0.25267457,0.58618106,-8.54543018
12.850152969360352,-0.27183473,0.59097108,-8.55560874
12.876764297485352,-0.2616559,0.57660098,-8.5382452
12.902793169021606,-0.23830444,0.59156985,-8.54183769
12.929084062576294,-0.22812561,0.57001466,-8.56578731
12.955381155014038,-0.25147705,0.57600221,-8.55680656
12.981695890426636,-0.25147705,0.5795947,-8.53285598
13.007998704910278,-0.25027954,0.57121219,-8.53704738
13.034307479858398,-0.2496808,0.57420592,-8.52926349
13.060616731643677,-0.26584718,0.58139104,-8.54123878
13.086921691894531,-0.25327334,0.58677983,-8.55860233
13.113224744796753,-0.27842104,0.58378601,-8.56578731
13.139537334442139,-0.24728579,0.5795947,-8.56099796
13.16584825515747,-0.24249572,0.56881713,-8.54842376
13.192148685455322,-0.23471193,0.57061343,-8.55441093
13.218451261520386,-0.25686585,0.57540345,-8.56459045
13.244756937026978,-0.24848327,0.59097108,-8.56578731
13.271069526672363,-0.22513184,0.58258857,-8.56638622
13.297374963760376,-0.25686585,0.58857607,-8.54543018
13.32369875907898,-0.24668703,0.58618106,-8.5388441
13.349990129470825,-0.25806336,0.58917479,-8.57955932
13.376297950744629,-0.2598596,0.59276733,-8.54842376
13.40260910987854,-0.26644592,0.58737854,-8.53165912
13.428922176361084,-0.24848327,0.58198976,-8.54483127
13.45521068572998,-0.24908204,0.57420592,-8.58015823
13.481507062911987,-0.26045837,0.58139104,-8.54602909
13.507821321487427,-0.25327334,0.58797736,-8.55560874
13.534124851226807,-0.25686585,0.57061343,-8.48854827
13.560424566268921,-0.25027954,0.58198976,-8.58734321
13.586830854415894,-0.24668703,0.58019351,-8.5346527
13.613050937652588,-0.26045837,0.57121219,-8.55441093
13.639376163482666,-0.25566835,0.5795947,-8.53106021
13.665650367736816,-0.25566835,0.58498353,-8.55441093
13.691950559616089,-0.25506958,0.5855823,-8.55022048
13.718279838562012,-0.26704468,0.58498353,-8.53225708
13.744576454162598,-0.25027954,0.58797736,-8.54063987
13.770886659622192,-0.24848327,0.5616321,-8.5388441
13.797198057174683,-0.24309449,0.59097108,-8.53225708
13.82348918914795,-0.24309449,0.57540345,-8.54423236
13.84980034828186,-0.26225466,0.57181096,-8.54662799
13.87610650062561,-0.2454895,0.59336609,-8.49453544
13.902405261993408,-0.24668703,0.59336609,-8.54662799
13.92871618270874,-0.25387206,0.57899599,-8.5298624
13.955045700073242,-0.25207581,0.57240967,-8.5346527
13.981327772140503,-0.23291566,0.5795947,-8.54602909
14.007645845413208,-0.24908204,0.5855823,-8.53165912
14.033937931060791,-0.23770568,0.58797736,-8.55680656
14.060256004333496,-0.273631,0.5795947,-8.56997871
14.086581707000732,-0.24069948,0.57660098,-8.55620765
14.112864255905151,-0.2628534,0.58677983,-8.54602909
14.139175653457642,-0.23471193,0.58618106,-8.581954
14.165478944778442,-0.25686585,0.59336609,-8.55081844
14.191792726516724,-0.25866212,0.57240967,-8.53644847
14.21809458732605,-0.25626709,0.56642217,-8.5340538
14.244403839111328,-0.2454895,0.58139104,-8.54363346
14.270707368850708,-0.24908204,0.58139104,-8.5340538
14.297017812728882,-0.2496808,0.58438482,-8.54243659
14.323327779769897,-0.23531067,0.59097108,-8.54183769
14.349630117416382,-0.26045837,0.58198976,-8.55081844
14.375943422317505,-0.27722353,0.59336609,-8.54842376
14.402244091033936,-0.25207581,0.58258857,-8.53704738
14.428550004959106,-0.25806336,0.57660098,-8.52806663
14.4548659324646,-0.25566835,0.57540345,-8.5298624
14.481173038482666,-0.25926086,0.59815616,-8.55081844
14.507479190826416,-0.25087831,0.58438482,-8.51429462
14.533796548843384,-0.25506958,0.58258857,-8.5430355
14.5600905418396,-0.25087831,0.56103334,-8.49872684
14.586397171020508,-0.2598596,0.57600221,-8.56399154
14.612704277038574,-0.28201355,0.57779846,-8.54183769
14.639028310775757,-0.25686585,0.58019351,-8.56758403
14.66531753540039,-0.24608826,0.58677983,-8.52806663
14.69162368774414,-0.2628534,0.58318729,-8.56758403
14.717925071716309,-0.273631,0.57300844,-8.56698513
14.74423599243164,-0.26704468,0.56941595,-8.56878185
14.770538568496704,-0.24608826,0.59456357,-8.55860233
14.796855688095093,-0.25506958,0.5795947,-8.55022048
14.823153018951416,-0.27123596,0.57899599,-8.56039905
14.849461078643799,-0.24189698,0.5897736,-8.54423236
14.87576699256897,-0.2616559,0.58258857,-8.5298624
14.902067184448242,-0.25806336,0.58079223,-8.57536792
14.928374528884888,-0.25806336,0.58677983,-8.54602909
14.954684972763062,-0.24788453,0.58139104,-8.51908493
14.980997323989868,-0.26105713,0.58019351,-8.54483127
15.007326126098633,-0.25566835,0.59216861,-8.55980014
15.033607244491577,-0.25626709,0.60055117,-8.54722595
15.059915781021118,-0.26405091,0.59635992,-8.55560874
15.08623194694519,-0.26884098,0.58198976,-8.51489353
15.112539529800415,-0.26225466,0.56642217,-8.53345489
15.138846635818481,-0.23291566,0.59156985,-8.5430355
15.165149450302124,-0.2203418,0.58677983,-8.51249885
15.191452026367188,-0.25207581,0.58079223,-8.55321407
15.217765808105469,-0.24608826,0.56702089,-8.54243659
15.24407410621643,-0.25147705,0.56821842,-8.54063987
15.270381212234497,-0.24489076,0.58079223,-8.52626991
15.296755313873291,-0.25087831,0.58198976,-8.52686882
15.322997331619263,-0.27303223,0.58378601,-8.57297325
15.34929633140564,-0.25686585,0.58857607,-8.55800437
15.375602006912231,-0.25686585,0.58378601,-8.55500984
15.401907205581665,-0.25746462,0.57240967,-8.56039905
15.428221702575684,-0.26105713,0.59037232,-8.52207851
15.454530000686646,-0.26225466,0.58498353,-8.55441093
15.48084831237793,-0.22812561,0.58857607,-8.53644847
15.507134675979614,-0.25147705,0.58618106,-8.56219482
15.533437013626099,-0.27901978,0.5795947,-8.56818294
15.559766054153442,-0.24908204,0.58258857,-8.54243659
15.58607268333435,-0.25087831,0.59276733,-8.54243659
15.612375974655151,-0.24309449,0.58498353,-8.54962158
15.638677835464478,-0.26045837,0.5795947,-8.55022048
15.664989948272705,-0.25267457,0.57480473,-8.52926349
15.691301584243774,-0.26524841,0.57899599,-8.52926349
15.717601776123047,-0.24369325,0.59037232,-8.56159687
15.743930101394653,-0.24608826,0.58139104,-8.57716369
15.770223140716553,-0.26884098,0.58258857,-8.53525161
15.796552419662476,-0.24249572,0.58737854,-8.55620765
15.822826623916626,-0.25566835,0.56941595,-8.54063987
15.849127531051636,-0.28201355,0.57300844,-8.58015823
15.875442504882812,-0.25566835,0.58797736,-8.55381298
15.90174150466919,-0.23650817,0.57899599,-8.54363346
15.928043127059937,-0.26105713,0.57121219,-8.55620765
15.95435118675232,-0.25087831,0.57839722,-8.56099796
15.980679750442505,-0.25806336,0.57600221,-8.5298624
16.006978750228882,-0.24249572,0.58917479,-8.54183769
16.033264875411987,-0.26405091,0.56642217,-8.56099796
16.059576988220215,-0.24309449,0.56342835,-8.55081844
16.08587336540222,-0.25626709,0.59156985,-8.54602909
16.11218762397766,-0.27602601,0.58737854,-8.55141735
16.13848614692688,-0.24608826,0.59935369,-8.56638622
16.164820909500122,-0.2628534,0.57899599,-8.55141735
16.19110107421875,-0.22992186,0.57420592,-8.57057762
16.217403173446655,-0.26584718,0.57181096,-8.54543018
16.24371600151062,-0.24668703,0.57181096,-8.54183769
16.27002477645874,-0.26764345,0.5855823,-8.54183769
16.296316862106323,-0.26105713,0.58079223,-8.52507209
16.322641849517822,-0.25267457,0.57719974,-8.55261516
16.348942518234253,-0.25866212,0.58438482,-8.53046131
16.375248432159424,-0.25626709,0.57121219,-8.58434867
16.40154242515564,-0.23590943,0.58258857,-8.55800437
16.42784333229065,-0.24608826,0.57899599,-8.55141735
16.45415163040161,-0.2628534,0.56043457,-8.59213256
16.48048186302185,-0.26045837,0.5795947,-8.54902267
16.506795644760132,-0.26225466,0.5736072,-8.57656574
16.53307843208313,-0.26464965,0.57420592,-8.53944206
16.559394121170044,-0.24608826,0.58917479,-8.53345489
16.58569073677063,-0.2454895,0.5957611,-8.54602909
16.612000226974487,-0.24668703,0.57660098,-8.54423236
16.63831114768982,-0.2598596,0.57480473,-8.53944206
16.6646146774292,-0.2454895,0.58139104,-8.53944206
16.690918922424316,-0.24309449,0.57240967,-8.55560874
16.717226266860962,-0.24848327,0.58139104,-8.53704738
16.743539094924927,-0.25087831,0.59276733,-8.56758403
16.76985478401184,-0.24429199,0.57719974,-8.54662799
16.796161651611328,-0.22752685,0.59815616,-8.56099796
16.82247233390808,-0.25566835,0.5897736,-8.56219482
16.848768949508667,-0.2454895,0.58079223,-8.5382452
16.875078439712524,-0.26464965,0.57121219,-8.54902267
16.90138816833496,-0.2454895,0.58139104,-8.53525161
16.9277024269104,-0.25686585,0.5676197,-8.54423236
16.954030513763428,-0.27183473,0.5795947,-8.56159687
16.980326175689697,-0.24489076,0.58139104,-8.54722595
17.006645917892456,-0.25746462,0.57660098,-8.54243659
17.032915592193604,-0.24668703,0.58378601,-8.55620765
17.05922818183899,-0.23770568,0.59396486,-8.54842376
17.085530281066895,-0.26464965,0.5736072,-8.54962158
17.111841678619385,-0.25267457,0.58019351,-8.56279373
17.138150453567505,-0.25746462,0.5855823,-8.56638622
17.164453506469727,-0.2598596,0.57181096,-8.5382452
17.190754890441895,-0.25327334,0.57480473,-8.54902267
17.217061281204224,-0.26105713,0.57719974,-8.54902267
17.243370532989502,-0.25387206,0.57719974,-8.55740547
17.269674062728882,-0.24489076,0.57600221,-8.55141735
17.295979261398315,-0.27063722,0.58438482,-8.54902267
17.322285890579224,-0.25506958,0.5897736,-8.57716369
17.348604202270508,-0.25447082,0.5795947,-8.5382452
17.374905824661255,-0.25447082,0.58618106,-8.57476902
17.401211500167847,-0.25746462,0.5676197,-8.56997871
17.427520751953125,-0.25866212,0.58318729,-8.54363346
17.453822374343872,-0.24728579,0.57121219,-8.52447319
17.480125427246094,-0.2598596,0.57660098,-8.51429462
17.50646448135376,-0.23231692,0.57839722,-8.55800437
17.532745361328125,-0.24668703,0.58139104,-8.55860233
17.559058666229248,-0.24369325,0.58019351,-8.53764629
17.58536696434021,-0.21734805,0.57719974,-8.54842376
17.611666679382324,-0.24608826,0.58079223,-8.53525161
17.63797664642334,-0.2598596,0.5897736,-8.56099796
17.664275407791138,-0.24608826,0.58857607,-8.52686882
17.69058656692505,-0.26345217,0.55983586,-8.55201625
17.71688985824585,-0.23830444,0.58258857,-8.54722595
17.743188619613647,-0.2880011,0.6017487,-8.56997871
17.76949405670166,-0.25926086,0.58857607,-8.55022048
17.795810222625732,-0.2616559,0.58438482,-8.55920124
17.82211470603943,-0.24788453,0.59037232,-8.54902267
17.848413705825806,-0.24369325,0.58378601,-8.53106021
17.87472891807556,-0.25267457,0.58258857,-8.54962158
17.90103244781494,-0.25087831,0.56462583,-8.5388441
17.927332162857056,-0.26405091,0.59995241,-8.52746772
17.953638076782227,-0.23052062,0.58797736,-8.52387523
17.979941368103027,-0.26644592,0.57660098,-8.54842376
18.0062575340271,-0.25267457,0.59396486,-8.52746772
18.032553672790527,-0.24129822,0.57300844,-8.56099796
18.058855533599854,-0.25027954,0.58737854,-8.56039905
18.085157871246338,-0.27063722,0.58917479,-8.50710964
18.11146116256714,-0.24489076,0.57600221,-8.52207851
18.137768507003784,-0.24608826,0.58318729,-8.56219482
18.164090633392334,-0.2598596,0.59396486,-8.55560874
18.1903977394104,-0.25147705,0.58019351,-8.56279373
18.21671462059021,-0.25387206,0.5897736,-8.56698513
18.243001461029053,-0.25686585,0.58139104,-8.53345489
18.26929998397827,-0.26644592,0.55265083,-8.52806663
18.295605897903442,-0.23950197,0.58498353,-8.52507209
18.32190179824829,-0.25447082,0.57061343,-8.54543018
18.348217725753784,-0.26644592,0.59037232,-8.54722595
18.374546766281128,-0.26345217,0.57420592,-8.53525161
18.400848388671875,-0.27063722,0.58677983,-8.54602909
18.427143812179565,-0.25746462,0.56642217,-8.54902267
18.453439474105835,-0.25147705,0.5855823,-8.53285598
18.479750633239746,-0.24668703,0.58737854,-8.53764629
18.506049394607544,-0.25926086,0.5855823,-8.5382452
18.532352924346924,-0.25147705,0.5736072,-8.55740547
18.558669090270996,-0.24728579,0.58618106,-8.53225708
18.584973573684692,-0.24369325,0.58318729,-8.55081844
18.611282110214233,-0.26943969,0.58079223,-8.51788711
18.637609481811523,-0.25027954,0.57480473,-8.53764629
18.663896799087524,-0.25686585,0.5897736,-8.53944206
18.69020128250122,-0.23291566,0.56941595,-8.52866458
18.71653461456299,-0.24848327,0.59635992,-8.54962158
18.74280548095703,-0.25626709,0.59156985,-8.52866458
18.769108295440674,-0.26405091,0.58258857,-8.53345489
18.79541301727295,-0.24069948,0.59755744,-8.5430355
18.82172918319702,-0.24848327,0.58797736,-8.54902267
18.84803581237793,-0.24369325,0.60414366,-8.55920124
18.87433385848999,-0.28380985,0.57540345,-8.55081844
18.900646924972534,-0.24848327,0.60414366,-8.55560874
18.926958560943604,-0.24908204,0.57779846,-8.54423236
18.953259468078613,-0.24369325,0.57121219,-8.60530567
18.979565858840942,-0.25506958,0.57480473,-8.54662799
19.005868911743164,-0.25267457,0.57420592,-8.53106021
19.032180309295654,-0.2616559,0.58139104,-8.53944206
19.058492422103882,-0.25267457,0.58079223,-8.55500984
19.084803104400635,-0.25566835,0.57899599,-8.5777626
19.11110520362854,-0.25806336,0.57719974,-8.54183769
19.137404441833496,-0.25087831,0.59097108,-8.53764629
19.163719177246094,-0.25626709,0.57839722,-8.5735712
19.190025091171265,-0.25027954,0.57300844,-8.55680656
19.216334342956543,-0.24249572,0.5676197,-8.56279373
19.24265432357788,-0.25267457,0.58438482,-8.54842376
19.26894497871399,-0.25866212,0.56821842,-8.54004096
19.29525113105774,-0.24668703,0.57719974,-8.54782485
19.3215594291687,-0.25327334,0.5736072,-8.54543018
19.347862005233765,-0.24908204,0.58378601,-8.54423236
19.374187707901,-0.28021728,0.56522464,-8.52088069
19.40048122406006,-0.2616559,0.59396486,-8.53644847
19.42679786682129,-0.25626709,0.58438482,-8.54363346
19.453086137771606,-0.2496808,0.57480473,-8.51788711
19.47939658164978,-0.27183473,0.58139104,-8.56758403
19.505695104599,-0.25207581,0.58618106,-8.55860233
19.5319983959198,-0.23710694,0.58079223,-8.54602909
19.558314561843872,-0.23471193,0.57660098,-8.56878185
19.58463406562805,-0.24788453,0.58198976,-8.52267742
19.6109299659729,-0.24608826,0.56402711,-8.53285598
19.637239694595337,-0.22812561,0.5795947,-8.49992465
19.663551568984985,-0.26345217,0.57899599,-8.55261516
19.689845323562622,-0.24010071,0.58079223,-8.54782485
19.716148853302002,-0.25926086,0.59216861,-8.55022048
19.742472410202026,-0.23291566,0.58258857,-8.55141735
19.76877188682556,-0.26764345,0.58079223,-8.55680656
19.795079708099365,-0.26584718,0.59156985,-8.54722595
19.82138442993164,-0.25027954,0.57061343,-8.52746772
19.847690105438232,-0.25866212,0.58318729,-8.54063987
19.87399387359619,-0.26884098,0.57719974,-8.55201625
19.90030598640442,-0.25686585,0.59635992,-8.5430355
19.926635026931763,-0.26584718,0.57719974,-8.54602909
19.95291042327881,-0.25147705,0.57600221,-8.54123878
19.979225158691406,-0.22992186,0.57480473,-8.54842376
20.00552225112915,-0.2454895,0.57839722,-8.56039905
20.03183364868164,-0.24189698,0.58498353,-8.55081844
20.058136701583862,-0.25926086,0.59336609,-8.54123878
20.084452152252197,-0.24369325,0.58917479,-8.54782485
20.110750913619995,-0.25506958,0.59276733,-8.54063987
20.13705587387085,-0.24189698,0.57480473,-8.54243659
20.16335892677307,-0.23471193,0.5736072,-8.55261516
20.18966770172119,-0.2598596,0.58857607,-8.57237434
20.21597194671631,-0.23830444,0.57839722,-8.54363346
20.24227476119995,-0.24429199,0.57061343,-8.52267742
20.268585681915283,-0.25327334,0.56821842,-8.5388441
20.294886350631714,-0.24309449,0.57719974,-8.52267742
20.32121253013611,-0.24309449,0.59216861,-8.56997871
20.347492694854736,-0.27003846,0.57660098,-8.55261516
20.373801469802856,-0.24429199,0.59396486,-8.5388441
20.40011191368103,-0.25866212,0.56462583,-8.55141735
20.426409006118774,-0.24728579,0.57420592,-8.55560874
20.452716588974,-0.26704468,0.56402711,-8.5867443
20.47902536392212,-0.27722353,0.57001466,-8.5388441
20.50533127784729,-0.25207581,0.58737854,-8.56997871
20.53164291381836,-0.24608826,0.57899599,-8.55261516
20.557954788208008,-0.25267457,0.58258857,-8.53345489
20.584282398223877,-0.25327334,0.60055117,-8.5909357
20.61055850982666,-0.25027954,0.58857607,-8.54004096
20.63687801361084,-0.26405091,0.57121219,-8.54602909
20.66317319869995,-0.26644592,0.56103334,-8.56638622
20.689472675323486,-0.24069948,0.59037232,-8.56339263
20.7157940864563,-0.24429199,0.57839722,-8.5388441
20.74208950996399,-0.27123596,0.59635992,-8.55081844
20.768397569656372,-0.24728579,0.58139104,-8.57177543
20.794708728790283,-0.2628534,0.57121219,-8.54782485
20.82100772857666,-0.26405091,0.59935369,-8.56219482
20.84731411933899,-0.24489076,0.58139104,-8.55261516
20.873623371124268,-0.26704468,0.58797736,-8.54722595
20.89992594718933,-0.25447082,0.58139104,-8.55680656
20.9262375831604,-0.25267457,0.57719974,-8.54842376
20.95254635810852,-0.25447082,0.58797736,-8.53525161
20.978854179382324,-0.26345217,0.58079223,-8.54962158
21.005140781402588,-0.24608826,0.59276733,-8.55141735
21.031439781188965,-0.2598596,0.59935369,-8.55620765
21.057759761810303,-0.24608826,0.57600221,-8.55980014
21.084067821502686,-0.25447082,0.58318729,-8.54602909
21.11037278175354,-0.25087831,0.57001466,-8.55620765
21.1367084980011,-0.25087831,0.58438482,-8.55920124
21.16299080848694,-0.26524841,0.60534119,-8.54243659
21.18929100036621,-0.2868036,0.59216861,-8.56099796
21.215603590011597,-0.25506958,0.58079223,-8.54662799
21.24189019203186,-0.25447082,0.58079223,-8.56758403
21.268202781677246,-0.25866212,0.58198976,-8.5861454
21.294532537460327,-0.25267457,0.58797736,-8.5346527
21.32082438468933,-0.25147705,0.58618106,-8.54782485
21.347129821777344,-0.25387206,0.56941595,-8.55141735
21.373432874679565,-0.25267457,0.58139104,-8.55620765
21.399738311767578,-0.26943969,0.57719974,-8.53644847
21.426039218902588,-0.23471193,0.57240967,-8.55740547
21.45234251022339,-0.27542724,0.57300844,-8.56219482
21.478654146194458,-0.24489076,0.57779846,-8.55740547
21.50495481491089,-0.25866212,0.57300844,-8.56459045
21.531256198883057,-0.25806336,0.57660098,-8.54363346
21.55756711959839,-0.25746462,0.58618106,-8.5388441
21.58387517929077,-0.2454895,0.58318729,-8.54123878
21.61017346382141,-0.22812561,0.59037232,-8.53704738
21.636517763137817,-0.24728579,0.56522464,-8.53525161
21.66277575492859,-0.2616559,0.60055117,-8.55800437
21.689085721969604,-0.23291566,0.57899599,-8.55201625
21.715394973754883,-0.25926086,0.58438482,-8.54722595
21.741705894470215,-0.25926086,0.58438482,-8.54363346
21.768005847930908,-0.25626709,0.58438482,-8.54423236
21.794334411621094,-0.22992186,0.57061343,-8.56997871
21.820610284805298,-0.23770568,0.56223087,-8.57057762
21.846921682357788,-0.2598596,0.58797736,-8.55261516
21.87322473526001,-0.24429199,0.58258857,-8.55920124
21.899535655975342,-0.24249572,0.55624332,-8.52926349
21.92583441734314,-0.25566835,0.58198976,-8.56638622
21.952139854431152,-0.24608826,0.56941595,-8.57177543
21.978477239608765,-0.26584718,0.57779846,-8.56399154
22.0047550201416,-0.25866212,0.57181096,-8.54483127
22.031057834625244,-0.25087831,0.58797736,-8.57117652
22.057358026504517,-0.26405091,0.59995241,-8.54123878
22.08367347717285,-0.2628534,0.57779846,-8.54842376
22.109980821609497,-0.24668703,0.58139104,-8.55381298
22.136295557022095,-0.22513184,0.57540345,-8.57656574
22.162596940994263,-0.2496808,0.58917479,-8.55560874
22.18890142440796,-0.24608826,0.57001466,-8.56339263
22.215219497680664,-0.2454895,0.5676197,-8.5214796
22.241519927978516,-0.25506958,0.58618106,-8.54483127
22.26783061027527,-0.25327334,0.59755744,-8.52746772
22.29413366317749,-0.25746462,0.5897736,-8.54063987
22.320430517196655,-0.2454895,0.58019351,-8.54004096
22.346755743026733,-0.23770568,0.57121219,-8.54004096
22.373043537139893,-0.23531067,0.58498353,-8.51848602
22.39935278892517,-0.25327334,0.57600221,-8.56878185
22.42566156387329,-0.26764345,0.58797736,-8.55560874
22.45197057723999,-0.2454895,0.58917479,-8.55620765
22.478271007537842,-0.29099488,0.58139104,-8.54243659
22.50458860397339,-0.24489076,0.59156985,-8.54423236
22.530884742736816,-0.24608826,0.58618106,-8.54722595
22.557188510894775,-0.25806336,0.5855823,-8.54782485
22.583489179611206,-0.24489076,0.58618106,-8.55500984
22.609798669815063,-0.23950197,0.57600221,-8.54183769
22.63611936569214,-0.24668703,0.59216861,-8.55381298
22.662421941757202,-0.25506958,0.56881713,-8.55680656
22.688722610473633,-0.23710694,0.57719974,-8.53704738
22.71503710746765,-0.25207581,0.59156985,-8.54782485
22.74133825302124,-0.23590943,0.57540345,-8.58135509
22.767652988433838,-0.23950197,0.59336609,-8.53225708
22.793996572494507,-0.23710694,0.57660098,-8.5430355
22.820271730422974,-0.26943969,0.56702089,-8.51669025
22.846614837646484,-0.25686585,0.57240967,-8.52926349
22.872891187667847,-0.2496808,0.59995241,-8.55381298
22.899208068847656,-0.22752685,0.56881713,-8.57476902
22.92551064491272,-0.24848327,0.5855823,-8.54123878
22.951807022094727,-0.25806336,0.58378601,-8.52686882
22.97811269760132,-0.2616559,0.58079223,-8.56638622
23.004446029663086,-0.23590943,0.57839722,-8.54423236
23.030725240707397,-0.23710694,0.5676197,-8.5430355
23.05702805519104,-0.25506958,0.57719974,-8.51968383
23.083338499069214,-0.24249572,0.58498353,-8.56279373
23.10964035987854,-0.2616559,0.60593996,-8.54902267
23.13595175743103,-0.23830444,0.56582336,-8.52327632
23.162253856658936,-0.22812561,0.60294623,-8.52088069
23.18856430053711,-0.25267457,0.57001466,-8.57716369
23.214865684509277,-0.24668703,0.58378601,-8.54902267
23.24117398262024,-0.24189698,0.58079223,-8.5430355
23.267492294311523,-0.25506958,0.57480473,-8.5340538
23.293796062469482,-0.27243349,0.58079223,-8.5388441
23.320091724395752,-0.23890321,0.57899599,-8.55860233
23.346399545669556,-0.2245331,0.57660098,-8.54543018
23.37270474433899,-0.26045837,0.58618106,-8.55680656
23.399016857147217,-0.25566835,0.58618106,-8.5388441
23.425323247909546,-0.23171815,0.57181096,-8.53764629
23.45161747932434,-0.25626709,0.57061343,-8.53644847
23.477935552597046,-0.25566835,0.57660098,-8.5382452
23.50424551963806,-0.26345217,0.58438482,-8.57656574
23.530556678771973,-0.24369325,0.58258857,-8.55141735
23.55686092376709,-0.23531067,0.5736072,-8.52267742
23.58315086364746,-0.23890321,0.57181096,-8.52806663
23.609465837478638,-0.26105713,0.56223087,-8.5382452
23.635774850845337,-0.26524841,0.56941595,-8.55321407
23.662105560302734,-0.25866212,0.57899599,-8.54722595
23.688396692276,-0.24369325,0.57779846,-8.54662799
23.714690923690796,-0.25327334,0.59156985,-8.53944206
23.74099612236023,-0.24908204,0.57540345,-8.53285598
23.767316102981567,-0.27063722,0.59396486,-8.5825529
23.79360818862915,-0.24908204,0.59097108,-8.55261516
23.819926023483276,-0.26405091,0.5897736,-8.54483127
23.84623146057129,-0.25027954,0.5795947,-8.49752998
23.872535705566406,-0.25566835,0.58857607,-8.55980014
23.898844480514526,-0.24848327,0.58618106,-8.56758403
23.925154209136963,-0.24848327,0.57779846,-8.54543018
23.951449632644653,-0.25207581,0.57660098,-8.55500984
23.97776174545288,-0.25626709,0.58438482,-8.54483127
24.00406765937805,-0.25027954,0.58019351,-8.54423236
24.03037452697754,-0.26105713,0.57121219,-8.54004096
24.056714057922363,-0.24788453,0.57600221,-8.5346527
24.082992553710938,-0.24728579,0.57779846,-8.5298624
24.109297513961792,-0.23890321,0.57839722,-8.5861454
24.13559913635254,-0.26704468,0.56881713,-8.53644847
24.16191029548645,-0.2496808,0.56881713,-8.54423236
24.188215017318726,-0.25147705,0.5897736,-8.5382452
24.214526891708374,-0.25327334,0.56103334,-8.55980014
24.24081778526306,-0.26884098,0.59097108,-8.55261516
24.26712727546692,-0.25027954,0.5795947,-8.54782485
24.29341697692871,-0.24010071,0.58198976,-8.54004096
24.31973958015442,-0.25327334,0.58737854,-8.56758403
24.346036195755005,-0.26045837,0.59516239,-8.5382452
24.372337341308594,-0.27722353,0.5736072,-8.55680656
24.398638486862183,-0.27422974,0.57240967,-8.54004096
24.424948930740356,-0.26644592,0.58797736,-8.55920124
24.451263904571533,-0.26345217,0.57779846,-8.58554649
24.47755765914917,-0.2335144,0.5795947,-8.52088069
24.503868579864502,-0.27303223,0.57480473,-8.5346527
24.530181169509888,-0.25327334,0.58737854,-8.54662799
24.556517601013184,-0.2616559,0.58797736,-8.54962158
24.582788467407227,-0.24848327,0.58438482,-8.54543018
24.609089136123657,-0.26764345,0.5795947,-8.54722595
24.635392904281616,-0.2496808,0.58677983,-8.55141735
24.661694765090942,-0.24668703,0.58618106,-8.56159687
24.688005685806274,-0.24788453,0.58198976,-8.55800437
24.714309453964233,-0.24788453,0.57660098,-8.55620765
24.740617990493774,-0.26345217,0.58079223,-8.55920124
24.766921043395996,-0.25387206,0.58498353,-8.55680656
24.793224811553955,-0.27782227,0.5855823,-8.55860233
24.819538116455078,-0.2598596,0.5616321,-8.54183769
24.845839023590088,-0.26345217,0.58677983,-8.57177543
24.872156620025635,-0.26345217,0.59755744,-8.55441093
24.898448944091797,-0.25387206,0.57181096,-8.5346527
24.92475390434265,-0.26105713,0.58737854,-8.53046131
24.951069831848145,-0.25926086,0.58498353,-8.54722595
24.977370023727417,-0.23830444,0.57719974,-8.56578731
25.003693342208862,-0.27063722,0.5616321,-8.55860233
25.029977560043335,-0.27602601,0.58857607,-8.53225708
25.05628991127014,-0.26464965,0.58139104,-8.57117652
25.082602977752686,-0.24129822,0.58258857,-8.54423236
25.10889744758606,-0.25327334,0.58079223,-8.54962158
25.135197401046753,-0.22692811,0.57600221,-8.55620765
25.161505222320557,-0.25686585,0.57660098,-8.56578731
25.187807083129883,-0.26584718,0.58618106,-8.55321407
25.214115381240845,-0.25267457,0.57540345,-8.55980014
25.240424156188965,-0.26045837,0.58498353,-8.53704738
25.266746759414673,-0.25506958,0.58618106,-8.55740547
25.29303002357483,-0.24908204,0.58618106,-8.52626991
25.319371223449707,-0.27782227,0.58498353,-8.55201625
25.345648288726807,-0.27303223,0.5795947,-8.54063987
25.371948719024658,-0.24908204,0.57001466,-8.54842376
25.398257970809937,-0.26405091,0.60534119,-8.61249065
25.42458987236023,-0.26045837,0.58318729,-8.56878185
25.450877904891968,-0.24369325,0.57660098,-8.56698513
25.477184295654297,-0.26644592,0.58498353,-8.55620765
25.503478527069092,-0.24908204,0.58737854,-8.54602909
25.529797792434692,-0.24249572,0.59156985,-8.51429462
25.55609440803528,-0.24788453,0.58677983,-8.55081844
25.582404851913452,-0.273631,0.5855823,-8.55680656
25.608698844909668,-0.27183473,0.57300844,-8.55800437
25.63500952720642,-0.25147705,0.59755744,-8.55800437
25.661306142807007,-0.24069948,0.57001466,-8.52088069
25.687623500823975,-0.25506958,0.58318729,-8.55500984
25.7139310836792,-0.25387206,0.57001466,-8.57297325
25.740246057510376,-0.2598596,0.58917479,-8.53225708
25.76662516593933,-0.23710694,0.58258857,-8.54423236
25.792853832244873,-0.24249572,0.56582336,-8.5172882
25.81915283203125,-0.26105713,0.59097108,-8.54063987
25.84545874595642,-0.24309449,0.59995241,-8.55022048
25.87177062034607,-0.25866212,0.5855823,-8.56459045
25.898070096969604,-0.26584718,0.56702089,-8.55740547
25.92437982559204,-0.26524841,0.57600221,-8.55261516
25.95068597793579,-0.25686585,0.57779846,-8.55201625
25.977030038833618,-0.24848327,0.57240967,-8.52626991
26.00330424308777,-0.25327334,0.57121219,-8.51489353
26.02959632873535,-0.24369325,0.59396486,-8.54602909
26.055896282196045,-0.24010071,0.58019351,-8.55500984
26.08224582672119,-0.2628534,0.58378601,-8.55261516
26.108525037765503,-0.24788453,0.58797736,-8.54842376
26.13481616973877,-0.26405091,0.59635992,-8.57417011
26.16112971305847,-0.24848327,0.59815616,-8.54183769
26.187432050704956,-0.2616559,0.58139104,-8.53944206
26.21373724937439,-0.24608826,0.57420592,-8.54483127
26.24003791809082,-0.23590943,0.57779846,-8.54004096
26.266345262527466,-0.26524841,0.58079223,-8.51788711
26.292651176452637,-0.26704468,0.58258857,-8.56758403
